{"cameraMode":{"drawMode":0,"name":"Shaded","section":"Shading Mode"},"sceneLighting":false,"audioPlay":false,"sceneViewState":{"showFog":true,"showMaterialUpdate":true,"showSkybox":true,"showFlares":true,"showImageEffects":true,"showParticleSystems":true},"in2DMode":false,"pivot":{"x":-0.00880095362663269,"y":-0.007127262651920319,"z":-0.001052558422088623},"rotation":{"x":0.22152769565582276,"y":0.4954800009727478,"z":-0.13233909010887147,"w":0.8294042348861694},"size":1.4062353372573853,"orthographic":false}