{"cameraMode":{"drawMode":0,"name":"Shaded","section":"Shading Mode"},"sceneLighting":true,"audioPlay":false,"sceneViewState":{"showFog":true,"showMaterialUpdate":true,"showSkybox":true,"showFlares":true,"showImageEffects":true,"showParticleSystems":true},"in2DMode":false,"pivot":{"x":-0.09237831830978394,"y":-0.29571568965911868,"z":0.009296715259552002},"rotation":{"x":0.394477903842926,"y":-0.4409980773925781,"z":0.22478826344013215,"w":0.7741951942443848},"size":0.9881061911582947,"orthographic":false}