{"cameraMode":{"drawMode":0,"name":"Shaded","section":"Shading Mode"},"sceneLighting":false,"audioPlay":false,"sceneViewState":{"showFog":true,"showMaterialUpdate":true,"showSkybox":true,"showFlares":true,"showImageEffects":true,"showParticleSystems":true},"in2DMode":false,"pivot":{"x":-0.01628662645816803,"y":-0.004196044057607651,"z":0.052999429404735568},"rotation":{"x":0.22152769565582276,"y":0.4954800009727478,"z":-0.13233909010887147,"w":0.8294042348861694},"size":1.238950252532959,"orthographic":false}