{"cameraMode":{"drawMode":0,"name":"Shaded","section":"Shading Mode"},"sceneLighting":true,"audioPlay":false,"sceneViewState":{"showFog":true,"showMaterialUpdate":true,"showSkybox":true,"showFlares":true,"showImageEffects":true,"showParticleSystems":true},"in2DMode":false,"pivot":{"x":-0.30986326932907107,"y":0.05083303526043892,"z":-0.0017633576644584537},"rotation":{"x":-0.0010622496483847499,"y":-0.7060445547103882,"z":-0.0010590675519779325,"w":0.7081658244132996},"size":0.46199652552604678,"orthographic":true}