{"cameraMode":{"drawMode":0,"name":"Shaded","section":"Shading Mode"},"sceneLighting":true,"audioPlay":false,"sceneViewState":{"showFog":true,"showMaterialUpdate":true,"showSkybox":true,"showFlares":true,"showImageEffects":true,"showParticleSystems":true},"in2DMode":false,"pivot":{"x":0.4887683689594269,"y":-0.4282645881175995,"z":0.7562201619148254},"rotation":{"x":0.19904379546642304,"y":0.3291738033294678,"z":-0.07119400054216385,"w":0.9203029870986939},"size":1.7107810974121094,"orthographic":false}