{"cameraMode":{"drawMode":0,"name":"Shaded","section":"Shading Mode"},"sceneLighting":true,"audioPlay":false,"sceneViewState":{"showFog":true,"showMaterialUpdate":true,"showSkybox":true,"showFlares":true,"showImageEffects":true,"showParticleSystems":true},"in2DMode":false,"pivot":{"x":-0.34680116176605227,"y":-0.2390097975730896,"z":-0.0806618332862854},"rotation":{"x":0.21511603891849519,"y":-0.7209929823875427,"z":0.2554478645324707,"w":0.607157826423645},"size":0.7229712605476379,"orthographic":false}