{"cameraMode":{"drawMode":0,"name":"Shaded","section":"Shading Mode"},"sceneLighting":false,"audioPlay":false,"sceneViewState":{"showFog":true,"showMaterialUpdate":true,"showSkybox":true,"showFlares":true,"showImageEffects":true,"showParticleSystems":true},"in2DMode":false,"pivot":{"x":0.0,"y":0.48280036449432375,"z":-0.029999971389770509},"rotation":{"x":0.2392338365316391,"y":0.35715433955192568,"z":-0.09516364336013794,"w":0.8978596329689026},"size":7.459570407867432,"orthographic":false}