{"cameraMode":{"drawMode":0,"name":"Shaded","section":"Shading Mode"},"sceneLighting":true,"audioPlay":false,"sceneViewState":{"showFog":true,"showMaterialUpdate":true,"showSkybox":true,"showFlares":true,"showImageEffects":true,"showParticleSystems":true},"in2DMode":false,"pivot":{"x":0.11509692668914795,"y":0.7815094590187073,"z":0.32611751556396487},"rotation":{"x":0.31265828013420107,"y":-0.007123150862753391,"z":0.0023450409062206747,"w":0.9498361349105835},"size":1.958348035812378,"orthographic":false}